country_code,country_name_abbreviation,country_name_full,iso_2digit_alpha,iso_3digit_alpha
4,Afghanistan,Afghanistan,AF,AFG
8,Albania,Albania,AL,ALB
12,Algeria,Algeria,DZ,DZA
16,American Samoa,American Samoa,AS,ASM
20,Andorra,Andorra,AD,AND
24,Angola,Angola,AO,AGO
28,Antigua and Barbuda,Antigua and Barbuda,AG,ATA
31,Azerbaijan,Azerbaijan,AZ,AZE
32,Argentina,Argentina,AR,ARG
36,Australia,Australia,AU,AUS
40,Austria,Austria,AT,AUT
44,Bahamas,Bahamas,BS,BHS
48,Bahrain,Bahrain,BH,BHR
50,Bangladesh,Bangladesh,BD,BGD
51,Armenia,Armenia,AM,ARM
52,Barbados,Barbados,BB,BRB
58,Belgium-Luxembourg,Belgium-Luxembourg,BE,BEL
60,Bermuda,Bermuda,BM,BMU
64,Bhutan,Bhutan,BT,BTN
68,Bolivia (Plurinational State of),Plurinational State of Bolivia,BO,BOL
70,Bosnia Herzegovina,Bosnia Herzegovina,BA,BIH
76,Brazil,Brazil,BR,BRA
84,Belize,Belize,BZ,BLZ
86,Br. Indian Ocean Terr.,British Indian Ocean Territories,IO,IOT
90,Solomon Isds,Solomon Islands,SB,SLB
92,Br. Virgin Isds,British Virgin Islands,VG,VGB
96,Brunei Darussalam,Brunei Darussalam,BN,BRN
100,Bulgaria,Bulgaria,BG,BGR
104,Myanmar,Myanmar,MM,MMR
108,Burundi,Burundi,BI,BDI
112,Belarus,Belarus,BY,BLR
116,Cambodia,Cambodia,KH,KHM
120,Cameroon,Cameroon,CM,CMR
124,Canada,Canada,CA,CAN
132,Cabo Verde,Cabo Verde,CV,CPV
136,Cayman Isds,Cayman Islands,KY,CYM
140,Central African Rep.,Central African Republic,CF,CAF
144,Sri Lanka,Sri Lanka,LK,LKA
148,Chad,Chad,TD,TCD
152,Chile,Chile,CL,CHL
156,China,China,CN,CHN
162,Christmas Isds,Christmas Islands,CX,CXR
166,Cocos Isds,Cocos Islands,CC,CCK
170,Colombia,Colombia,CO,COL
174,Comoros,Comoros,KM,COM
178,Congo,Congo,CG,COG
180,Dem. Rep. of the Congo,Democratic Republic of the Congo,CD,COD
184,Cook Isds,Cook Islands,CK,COK
188,Costa Rica,Costa Rica,CR,CRI
191,Croatia,Croatia,HR,HRV
192,Cuba,Cuba,CU,CUB
196,Cyprus,Cyprus,CY,CYP
200,Czechoslovakia,Czechoslovakia,CS,CSK
203,Czechia,Czechia,CZ,CZE
204,Benin,Benin,BJ,BEN
208,Denmark,Denmark,DK,DNK
212,Dominica,Dominica,DM,DMA
214,Dominican Rep.,Dominican Republic,DO,DOM
218,Ecuador,Ecuador,EC,ECU
222,El Salvador,El Salvador,SV,SLV
226,Equatorial Guinea,Equatorial Guinea,GQ,GNQ
231,Ethiopia,Ethiopia,ET,ETH
232,Eritrea,Eritrea,ER,ERI
233,Estonia,Estonia,EE,EST
238,Falkland Isds (Malvinas),Falkland Islands (Malvinas),FK,FLK
242,Fiji,Fiji,FJ,FJI
246,Finland,Finland,FI,FIN
251,France,"France, Monaco",FR,FRA
258,French Polynesia,French Polynesia,PF,PYF
260,Fr. South Antarctic Terr.,French South Antarctic Territories,FQ,ATF
262,Djibouti,Djibouti,DJ,DJI
266,Gabon,Gabon,GA,GAB
268,Georgia,Georgia,GE,GEO
270,Gambia,Gambia,GM,GMB
275,State of Palestine,State of Palestine,PS,PSE
276,Germany,Germany,DE,DEU
288,Ghana,Ghana,GH,GHA
292,Gibraltar,Gibraltar,GI,GIB
296,Kiribati,Kiribati,KI,KIR
300,Greece,Greece,GR,GRC
304,Greenland,Greenland,GL,GRL
308,Grenada,Grenada,GD,GRD
316,Guam,Guam,GU,GUM
320,Guatemala,Guatemala,GT,GTM
324,Guinea,Guinea,GN,GIN
328,Guyana,Guyana,GY,GUY
332,Haiti,Haiti,HT,HTI
340,Honduras,Honduras,HN,HND
344,"China, Hong Kong SAR","China, Hong Kong Special Administrative Region",HK,HKG
348,Hungary,Hungary,HU,HUN
352,Iceland,Iceland,IS,ISL
360,Indonesia,Indonesia,ID,IDN
364,Iran,Iran,IR,IRN
368,Iraq,Iraq,IQ,IRQ
372,Ireland,Ireland,IE,IRL
376,Israel,Israel,IL,ISR
381,Italy,Italy,IT,ITA
384,Côte d'Ivoire,Côte d'Ivoire,CI,CIV
388,Jamaica,Jamaica,JM,JAM
392,Japan,Japan,JP,JPN
398,Kazakhstan,Kazakhstan,KZ,KAZ
400,Jordan,Jordan,JO,JOR
404,Kenya,Kenya,KE,KEN
408,Dem. People's Rep. of Korea,Democratic People's Republic of Korea,KP,PRK
410,Rep. of Korea,Republic of Korea,KR,KOR
414,Kuwait,Kuwait,KW,KWT
417,Kyrgyzstan,Kyrgyzstan,KG,KGZ
418,Lao People's Dem. Rep.,Lao People's Dem. Rep.,LA,LAO
422,Lebanon,Lebanon,LB,LBN
428,Latvia,Latvia,LV,LVA
430,Liberia,Liberia,LR,LBR
434,Libya,Libya,LY,LBY
440,Lithuania,Lithuania,LT,LTU
446,"China, Macao SAR","China, Macao Special Administrative Region",MO,MAC
450,Madagascar,Madagascar,MG,MDG
454,Malawi,Malawi,MW,MWI
458,Malaysia,Malaysia,MY,MYS
462,Maldives,Maldives,MV,MDV
466,Mali,Mali,ML,MLI
470,Malta,Malta,MT,MLT
478,Mauritania,Mauritania,MR,MRT
480,Mauritius,Mauritius,MU,MUS
484,Mexico,Mexico,MX,MEX
490,"Other Asia, nes","Other Asia, not elsewhere specified",N/A,N/A
496,Mongolia,Mongolia,MN,MNG
498,Rep. of Moldova,Republic of Moldova,MD,MDA
499,Montenegro,Montenegro,ME,MNE
500,Montserrat,Montserrat,MS,MSR
504,Morocco,Morocco,MA,MAR
508,Mozambique,Mozambique,MZ,MOZ
512,Oman,Oman,OM,OMN
520,Nauru,Nauru,NR,NRU
524,Nepal,Nepal,NP,NPL
528,Netherlands,Netherlands,NL,NLD
530,Neth. Antilles,Netherlands Antilles,AN,ANT
531,Curaçao,Curaçao,CW,CUW
533,Aruba,Aruba,AW,ABW
534,Saint Maarten,Saint Maarten (Dutch part),SX,SXM
535,Bonaire,"Bonaire, Saint Eustatius and Saba",BQ,BES
540,New Caledonia,New Caledonia,NC,NCL
548,Vanuatu,Vanuatu,VU,VUT
554,New Zealand,New Zealand,NZ,NZL
558,Nicaragua,Nicaragua,NI,NIC
562,Niger,Niger,NE,NER
566,Nigeria,Nigeria,NG,NGA
570,Niue,Niue,NU,NIU
574,Norfolk Isds,Norfolk Islands,NF,NFK
579,Norway,"Norway, Svalbard and Jan Mayen",NO,NOR
580,N. Mariana Isds,Northern Mariana Islands,MP,MNP
583,FS Micronesia,Federated State of Micronesia,FM,FSM
584,Marshall Isds,Marshall Islands,MH,MHL
585,Palau,Palau,PW,PLW
586,Pakistan,Pakistan,PK,PAK
591,Panama,Panama,PA,PAN
598,Papua New Guinea,Papua New Guinea,PG,PNG
600,Paraguay,Paraguay,PY,PRY
604,Peru,Peru,PE,PER
608,Philippines,Philippines,PH,PHL
612,Pitcairn,Pitcairn,PN,PCN
616,Poland,Poland,PL,POL
620,Portugal,Portugal,PT,PRT
624,Guinea-Bissau,Guinea-Bissau,GW,GNB
626,Timor-Leste,Timor-Leste,TL,TLS
634,Qatar,Qatar,QA,QAT
642,Romania,Romania,RO,ROU
643,Russian Federation,Russian Federation,RU,RUS
646,Rwanda,Rwanda,RW,RWA
652,Saint Barthélemy,Saint Barthélemy,BL,BLM
654,Saint Helena,Saint Helena,SH,SHN
659,Saint Kitts and Nevis,Saint Kitts and Nevis,KN,KNA
660,Anguilla,Anguilla,AI,AIA
662,Saint Lucia,Saint Lucia,LC,LCA
666,Saint Pierre and Miquelon,Saint Pierre and Miquelon,PM,SPM
670,Saint Vincent and the Grenadines,Saint Vincent and the Grenadines,VC,VCT
674,San Marino,San Marino,SM,SMR
678,Sao Tome and Principe,Sao Tome and Principe,ST,STP
682,Saudi Arabia,Saudi Arabia,SA,SAU
686,Senegal,Senegal,SN,SEN
688,Serbia,Serbia,RS,SRB
690,Seychelles,Seychelles,SC,SYC
694,Sierra Leone,Sierra Leone,SL,SLE
697,"Europe EFTA, nes","Europe EFTA, not elsewhere specified",N/A,N/A
699,India,India,IN,IND
702,Singapore,Singapore,SG,SGP
703,Slovakia,Slovakia,SK,SVK
704,Viet Nam,Viet Nam,VN,VNM
705,Slovenia,Slovenia,SI,SVN
706,Somalia,Somalia,SO,SOM
711,So. African Customs Union,Southern African Customs Union,ZA,ZAF
716,Zimbabwe,Zimbabwe,ZW,ZWE
724,Spain,Spain,ES,ESP
728,South Sudan,South Sudan,SS,SSD
729,Sudan,Sudan,SD,SDN
736,Fmr Sudan,Former Sudan,SD,SDN
740,Suriname,Suriname,SR,SUR
752,Sweden,Sweden,SE,SWE
757,Switzerland,"Switzerland, Liechtenstein",CH,CHE
760,Syria,Syria,SY,SYR
762,Tajikistan,Tajikistan,TJ,TJK
764,Thailand,Thailand,TH,THA
768,Togo,Togo,TG,TGO
772,Tokelau,Tokelau,TK,TKL
776,Tonga,Tonga,TO,TON
780,Trinidad and Tobago,Trinidad and Tobago,TT,TTO
784,United Arab Emirates,United Arab Emirates,AE,ARE
788,Tunisia,Tunisia,TN,TUN
792,Turkey,Turkey,TR,TUR
795,Turkmenistan,Turkmenistan,TM,TKM
796,Turks and Caicos Isds,Turks and Caicos Islands,TC,TCA
798,Tuvalu,Tuvalu,TV,TUV
800,Uganda,Uganda,UG,UGA
804,Ukraine,Ukraine,UA,UKR
807,TFYR of Macedonia,The Former Yugoslav Republic of Macedonia,MK,MKD
810,Fmr USSR,Former USSR,SU,SUN
818,Egypt,Egypt,EG,EGY
826,United Kingdom,United Kingdom,GB,GBR
834,United Rep. of Tanzania,United Republic of Tanzania,TZ,TZA
842,USA,"USA, Puerto Rico and US Virgin Islands",US,USA
854,Burkina Faso,Burkina Faso,BF,BFA
858,Uruguay,Uruguay,UY,URY
860,Uzbekistan,Uzbekistan,UZ,UZB
862,Venezuela,Venezuela,VE,VEN
876,Wallis and Futuna Isds,Wallis and Futuna Islands,WF,WLF
882,Samoa,Samoa,WS,WSM
887,Yemen,Yemen,YE,YEM
891,Serbia and Montenegro,Serbia and Montenegro,CS,SCG
894,Zambia,Zambia,ZM,ZMB